feature,importance_mean,importance_std
num_encounters,0.3760324047238483,0.004307152186155764
num_procedures,0.3740508659113101,0.004541337525750418
num_medications,0.06194668071497311,0.0015351325218882182
has_allergy,0.0059344368546659036,0.0002531237232713684
PATIENT,0.0,0.0
ETHNICITY,0.0,0.0
RACE,0.0,0.0
BIRTHDATE,0.0,0.0
GENDER,0.0,0.0
